dimension,bigrams
knowledge,"message compose, reddit message, compose lntipbot, lntipbot subject, api us"
fun,"youtube watch, auto webp, preview redd, lightning network, watch 1aijnvkb6ws"
conflict,"f**k f**k, donald trump, news donald, stupid questions, postimg cc"
identity,"bitcoinmagazine culture, culture democratic, virtual asset, protected chinese, chinese law"
similarity,"satoshi nakamoto, years ago, 39 000, legal tender, realized price"
power,"reddit message, message compose, lntipbot subject, compose lntipbot, oxt transaction"
status,"thank much, hello everyone, node wallet, full node, first time"
support,"want try, hope enjoy, lockups competitive, apy feel, zelcore happy"
trust,"2dog play, global blockchain, everyday loterry, blockchain free, win welcome"
romance,"love love, true passion, love one, nile nile, kiss death"
